1,Dry Beets,1
2,Fierce Greens,2
3,Heavy Chicken,2
4,Yummy Fruit,3
5,Green Apples,4
6,Smooth Mushrooms,4
7,Quaint Beef,4
8,Shaky Honey,5
9,Large Mushrooms,5
10,Black Apples,5
11,Gigantic Bread,6
12,Gorgeous Fish,6
13,Curved Pretzel,6
14,Stupendous Carrots,7
15,Comfortable Pretzel,8
16,Obedient Fish,8
17,Defeated Apples,8
18,Yellow Bread,8
19,Jealous Burrito,9
20,Tall Pretzel,9
21,Embarrassed Bread,9
22,Purring Beets,9
23,Calm Carrots,10
24,Fierce Beef,10
25,Helpless Bread,10
26,Yummy Bread,10
27,Broken Beets,10
28,Quiet Honey,11
29,Crazy Fish,11
30,Depressed Beets,11
31,Sore Chicken,11
32,Disgusted Carrots,11
33,Tired Bread,12
34,Clumsy Chicken,12
35,Massive Apples,12
36,Mute Beef,13
37,Grand Honey,13
38,Bland Burrito,13
39,Horrible Burrito,14
40,Bad Chicken,14
41,Thundering Carrots,15
42,Grubby Beef,15
43,Skinny Mushrooms,15
44,Repulsive Chicken,15
45,Bland Chicken,16
46,Miniature Fish,16
47,Delicious Carrots,16
48,Robust Burrito,16
49,M Greens,16
50,Quaint Bread,17
51,Successful Apples,18
52,Sticky Fish,18
53,– Bread,18
54,Miniature Beets,18
55,Delightful Chicken,19
56,Nom nom Beef,19
57,Anxious Carrots,19
58,Thoughtless Honey,20
59,Cheerful Fish,21
60,Colossal Beets,21
61,Amused Apples,21
62,Righteous Fish,21
63,Rainy Bread,21
64,Fresh Apples,22
65,Worried Pretzel,22
66,Homeless Honey,22
67,Loose Fish,22
68,Better Apples,23
69,Swift Pretzel,23
70,Annoyed Fish,23
71,Mighty Beef,23
72,Ordinary Honey,23
73,Jolly Greens,24
74,Amused Beets,25
75,Obnoxious Fruit,26
76,Tough Beets,26
77,Harsh Greens,26
78,High Mushrooms,27
79,Weak Fish,27
80,Steep Beets,27
81,Worried Pretzel,27
82,Dangerous Mushrooms,27
83,Silly Beef,28
84,Hushed Honey,28
85,Agreeable Honey,28
86,Incredible Burrito,29
87,Combative Bread,29
88,Clumsy Chicken,29
89,Pickled Mushrooms,30
90,Tense Greens,30
91,Spicy Mushrooms,30
92,Frightened Honey,31
93,Upset Honey,31
94,Quaint Greens,31
95,Dirty Mushrooms,31
96,Harsh Carrots,31
97,Jolly Beef,32
98,Watery Pretzel,32
99,Hot Beef,32
100,Blue Chicken,32
101,Mute Chicken,33
102,Rainy Fish,33
103,Short Greens,33
104,Nutty Pretzel,34
105,Happy Mushrooms,34
106,Tan Fruit,34
107,Colossal Greens,34
108,Perfect Apples,34
109,Late Mushrooms,35
110,Smiling Beef,35
111,Spotty Chicken,35
112,Jolly Beef,35
113,Tall Carrots,36
114,Short Beets,36
115,Stupendous Greens,36
116,Better Beef,36
117,Jolly Apples,36
118,Dry Beef,37
119,Rotten Bread,38
120,Heavy Fruit,38
121,Immense Honey,38
122,Lazy Greens,38
123,Kickin' Pretzel,38
124,Silly Greens,39
125,Panicky Bread,39
126,Jittery Mushrooms,39
127,Helpful Fish,40
128,Nice Mushrooms,40
129,Friendly Burrito,40
130,Bitter Pretzel,40
131,Tasteless Greens,40
132,Sharp Chicken,41
133,– Fish,41
134,High Fish,41
135,Bland Apples,41
136,Pretty Fruit,42
137,Great Bread,42
138,Tough Beets,42
139,Fluffy Beef,42
140,Splendid Honey,42
141,Hurt Honey,43
142,Precious Fish,43
143,Striped Beef,43
144,Husky Beets,43
145,Pretty Beets,44
146,Watery Fish,44
147,Robust Beef,45
148,Helpless Beets,45
149,Heavy Honey,45
150,Rotten Bread,45
151,Exuberant Mushrooms,45
152,Many Beef,46
153,Elated Pretzel,46
154,Grubby Beets,46
155,Frightened Beets,46
156,Faithful Fruit,47
157,Square Honey,47
158,Grumpy Fruit,48
159,Tight Bread,48
160,Empty Carrots,49
161,Fantastic Beef,49
162,Hungry Honey,49
163,Greasy Beets,49
164,Squealing Apples,50
165,Striped Apples,51
166,Fresh Apples,52
167,Comfortable Beef,53
168,Uptight Greens,53
169,Dull Carrots,53
170,Zany Fruit,53
171,Depressed Carrots,54
172,Kind Beef,54
173,Loose Beets,54
174,Grubby Beets,54
175,Wasteful Burrito,54
176,Itchy Beef,55
177,Sour Beets,55
178,Massive Honey,55
179,Sweet Carrots,55
180,Steep Honey,56
181,Repulsive Greens,56
182,Swift Carrots,56
183,Homeless Pretzel,56
184,Numerous Beets,56
185,Purring Apples,57
186,Straight Honey,57
187,Enthusiastic Bread,58
188,Dangerous Fish,58
189,Ripe Pretzel,59
190,Purring Beets,59
191,Mysterious Greens,59
192,Embarrassed Bread,59
193,Mute Beef,59
194,Tiny Beets,60
195,Big Carrots,60
196,Moaning Honey,60
197,Dusty Honey,61
198,Frantic Beets,61
199,Tender Bread,62
200,Odd Pretzel,62
201,Crazy Pretzel,62
202,Resonant Beets,62
203,Lively Apples,62
204,Tricky Bread,63
205,S Bread,64
206,Shivering Fruit,64
207,Frightened Fish,64
208,Annoyed Bread,64
209,Young Beef,64
210,Jittery Pretzel,65
211,Plastic Honey,65
212,Shaky Greens,66
213,Charming Apples,66
214,Curved Mushrooms,67
215,Healthy Pretzel,67
216,Purring Apples,67
217,Pickled Fruit,68
218,Fluffy Fruit,69
219,Strange Pretzel,69
220,Faint Fruit,69
221,Lazy Bread,70
222,Kind Fish,70
223,Thirsty Pretzel,70
224,Successful Fruit,70
225,Cheerful Bread,70
226,Spicy Fruit,71
227,Scrumptious Greens,71
228,Gentle Carrots,71
229,Lucky Mushrooms,71
230,Lonely Honey,71
231,Hard Bread,72
232,Mysterious Bread,72
233,Robust Fruit,72
234,Horrible Beef,72
235,Soft Apples,72
236,Quaint Fish,73
237,Uptight Bread,73
238,Frantic Pretzel,74
239,Hard Bread,74
240,Excited Fruit,74
241,Lazy Carrots,74
242,Incredible Chicken,75
243,Wonderful Honey,75
244,Faint Greens,76
245,Robust Mushrooms,76
246,Splendid Beef,76
247,Fluffy Chicken,77
248,Foolish Beets,77
249,Colossal Carrots,77
250,Frightened Fish,78
251,Short Chicken,79
252,Panicky Honey,80
253,Slow Beets,80
254,Charming Beets,81
255,Hilarious Apples,81
256,Strong Beef,82
257,Weak Beets,82
258,Faint Honey,82
259,Kind Fruit,83
260,Strong Pretzel,84
261,Faint Fish,84
262,Round Pretzel,85
263,Charming Beef,85
264,Curved Beef,85
265,Salty Bread,85
266,Selfish Chicken,85
267,Purring Honey,86
268,Hot Chicken,86
269,Empty Burrito,86
270,Light Chicken,86
271,Scary Beef,86
272,Wide-eyed Fish,87
273,Mighty Apples,87
274,Tasteless Burrito,87
275,R Greens,88
276,Relieved Fruit,88
277,Boring Pretzel,89
278,Big Carrots,89
279,Miniature Fruit,89
280,Elated Carrots,89
281,Incredible Bread,89
282,Jealous Apples,90
283,Weary Fruit,91
284,Modern Honey,91
285,Shaggy Bread,91
286,Frightened Greens,92
287,Harsh Honey,92
288,Elated Carrots,92
289,Lonely Honey,92
290,Edible Mushrooms,92
291,Steep Burrito,93
292,– Mushrooms,94
293,Terrible Fruit,95
294,Rotten Fruit,95
295,Ugly Bread,95
296,Husky Greens,95
297,Grubby Burrito,95
298,Curly Fruit,96
299,Hungry Greens,97
300,Rapid Beets,98
301,Strange Honey,98
302,Relieved Fish,99
303,Better Beef,99
304,Thirsty Pretzel,99
305,Sharp Bread,99
306,Grubby Apples,99
307,Combative Carrots,100
308,Fair Fruit,100
309,Cool Fish,100
310,Bad Pretzel,100
311,Hurt Burrito,100
312,Troubled Burrito,101
313,Fluffy Beef,101
314,Whispering Chicken,101
315,Embarrassed Carrots,102
316,Numerous Fruit,103
317,Pickled Bread,103
318,Greasy Beets,103
319,Deafening Beets,104
320,Grieving Carrots,105
321,Empty Apples,105
322,Curly Fish,105
323,Amused Greens,105
324,Salty Carrots,106
325,Grubby Greens,106
326,Gorgeous Mushrooms,106
327,Solid Beef,106
328,Nasty Apples,106
329,Sour Fruit,107
330,Worried Fruit,107
331,Fresh Carrots,107
332,Brave Honey,107
333,Flaky Apples,107
334,Worried Fruit,108
335,Late Pretzel,108
336,Sore Apples,108
337,Grubby Mushrooms,109
338,Silent Bread,109
339,R Fruit,110
340,Scattered Burrito,110
341,Silly Beets,110
342,Skinny Chicken,110
343,New Fruit,111
344,Disgusted Greens,111
345,Mute Fish,111
346,Yellow Beef,112
347,Ratty Beef,112
348,Foolish Honey,112
349,Grand Fruit,112
350,Tart Fish,113
351,Grand Apples,113
352,Fluffy Beef,113
353,Victorious Carrots,114
354,Melted Honey,114
355,Calm Burrito,115
356,– Apples,115
357,Weak Greens,115
358,Cooperative Beef,116
359,Tasteless Greens,116
360,Orange Burrito,116
361,Grubby Burrito,117
362,Spicy Pretzel,117
363,Sticky Chicken,117
364,Black Chicken,117
365,Tart Pretzel,117
366,Wasteful Beef,118
367,Massive Apples,118
368,Edible Beets,118
369,Great Chicken,118
370,Foolish Chicken,118
371,Curved Pretzel,119
372,Lucky Apples,119
373,Rough Apples,120
374,Tan Fish,120
375,Fine Fruit,120
376,Defeated Greens,120
377,Scattered Pretzel,121
378,Depressed Fish,121
379,Quiet Apples,121
380,Beautiful Fish,122
381,Mammoth Bread,122
382,Upset Mushrooms,122
383,Helpless Honey,122
384,Thundering Carrots,122
385,Spotty Mushrooms,123
386,Bad Carrots,123
387,Slow Mushrooms,123
388,Huge Beef,124
389,Thirsty Beets,124
390,Floppy Burrito,124
391,Fuzzy Pretzel,125
392,Swift Mushrooms,125
393,Early Pretzel,125
394,Empty Honey,126
395,Dull Bread,127
396,– Fruit,127
397,Righteous Beef,127
398,Big Beets,127
399,Grand Burrito,127
400,Faint Greens,128
401,Nervous Chicken,129
402,Curved Bread,130
403,Deafening Carrots,130
404,Grieving Honey,130
405,Juicy Burrito,130
406,Quick Greens,131
407,Faint Apples,132
408,Smiling Mushrooms,132
409,Charming Bread,132
410,Damp Mushrooms,132
411,Short Burrito,132
412,Straight Apples,133
413,Old Carrots,133
414,Cuddly Beets,133
415,Defeated Greens,133
416,Horrible Mushrooms,134
417,Scrawny Honey,134
418,Calm Burrito,134
419,Silky Pretzel,135
420,Heavy Apples,135
421,Worried Mushrooms,135
422,Tense Burrito,135
423,Heavy Carrots,135
424,Nasty Apples,136
425,Shivering Pretzel,136
426,Tender Beets,137
427,Purring Greens,138
428,Selfish Burrito,138
429,– Honey,138
430,Brave Bread,138
431,Bland Pretzel,138
432,Curly Burrito,139
433,Early Mushrooms,139
434,Brave Fish,139
435,Hissing Greens,140
436,Swift Greens,141
437,Whispering Honey,142
438,Rapid Beef,142
439,Handsome Beef,142
440,Rotten Greens,143
441,Shaggy Greens,143
442,Juicy Fruit,143
443,Calm Beef,143
444,Cruel Carrots,143
445,Rainy Chicken,144
446,Fluffy Apples,144
447,Odd Apples,144
448,Lonely Greens,144
449,Ancient Greens,145
450,Pickled Fish,145
451,Empty Beef,145
452,Wet Fruit,145
453,Screeching Greens,146
454,Hungry Apples,146
455,Greasy Carrots,146
456,Amused Fish,147
457,Fuzzy Beets,147
458,M Beef,148
459,Sticky Honey,148
460,Ugliest Beets,148
461,Late Fruit,148
462,Jumpin' Beef,148
463,Afraid Fruit,149
464,Grieving Burrito,149
465,Depressed Beef,149
466,Hushed Greens,149
467,Grand Mushrooms,149
468,Courageous Apples,150
469,Greasy Bread,150
470,Strange Beets,150
471,Melted Bread,150
472,Incredible Carrots,150
473,Plain Apples,151
474,Silent Greens,152
475,Handsome Burrito,152
476,Tricky Honey,153
477,Naughty Fish,153
478,Victorious Beets,153
479,Deafening Fish,153
480,Tan Mushrooms,154
481,Scrawny Mushrooms,154
482,Faint Fruit,154
483,Uptight Fish,155
484,Dizzy Apples,155
485,Short Honey,155
486,Cooperative Fruit,156
487,Dizzy Fruit,156
488,Jealous Carrots,156
489,Dry Beets,156
490,Thirsty Fruit,156
491,Strange Mushrooms,157
492,Stingy Pretzel,157
493,Ancient Carrots,157
494,Delightful Beets,157
495,Flat Chicken,158
496,Splendid Fruit,158
497,Cuddly Chicken,158
498,Cruel Fruit,158
499,Plain Chicken,159
500,Stale Carrots,159
